{
  "mse": {
    "mean": 0.00014853510679131433,
    "std": 0.00015084360847601616,
    "min": 1.1814535355370026e-05,
    "max": 0.0004768318322021514,
    "median": 7.821107647032477e-05
  },
  "rmse": {
    "mean": 0.010524714574330147,
    "std": 0.006145363286266881,
    "min": 0.0034372278590995425,
    "max": 0.021836479391196546,
    "median": 0.008842654042749542
  },
  "mae": {
    "mean": 0.004214493918698281,
    "std": 0.0019823539857302683,
    "min": 0.001902107149362564,
    "max": 0.008190511725842953,
    "median": 0.003612132859416306
  },
  "max_abs_error": {
    "mean": 0.0719771221280098,
    "std": 0.04665375760347037,
    "min": 0.016222327947616577,
    "max": 0.14250358939170837,
    "median": 0.07012435793876648
  },
  "rel_error": {
    "mean": 0.2732136409729719,
    "std": 0.36637156901423057,
    "min": 0.06320683658123016,
    "max": 1.70677649974823,
    "median": 0.13607143610715866
  },
  "cosine_similarity_mean": {
    "mean": 0.9996691438555716,
    "std": 0.00033579947155917367,
    "min": 0.9989384293556214,
    "max": 0.9999736398458481,
    "median": 0.9998245954513549
  },
  "agreement_1e-2": {
    "mean": 0.895921052631579,
    "std": 0.0468001364323129,
    "min": 0.8078947368421052,
    "max": 0.9671052631578947,
    "median": 0.9059210526315788
  },
  "agreement_1e-3": {
    "mean": 0.5196052631578947,
    "std": 0.03279695994627324,
    "min": 0.45394736842105265,
    "max": 0.575,
    "median": 0.5171052631578947
  },
  "agreement_1e-4": {
    "mean": 0.1680263157894737,
    "std": 0.01506047366572549,
    "min": 0.14210526315789473,
    "max": 0.19473684210526315,
    "median": 0.16842105263157894
  },
  "agreement_1e-5": {
    "mean": 0.11157894736842104,
    "std": 0.00313036243509745,
    "min": 0.10657894736842105,
    "max": 0.11842105263157894,
    "median": 0.1118421052631579
  },
  "num_samples": 20,
  "config": {
    "dataset_root": "/home/chao.wu/pi_oellm/ROBOTREA/M7_pickplace_example_merged_LeRobotDataSetv2.1",
    "jax_server": "tcp://localhost:45455",
    "torch_server": "tcp://localhost:45456",
    "frame_count": 20,
    "action_horizon": 20,
    "action_dim": 38
  }
}