{
  "mse": {
    "mean": 4.349452854057745e-06,
    "std": 1.0050326335112714e-06,
    "min": 2.3287564090423984e-06,
    "max": 5.788012913399143e-06,
    "median": 4.427777412274736e-06
  },
  "rmse": {
    "mean": 0.0020702301434613484,
    "std": 0.0002521904184574637,
    "min": 0.0015260263461167368,
    "max": 0.002405828945166124,
    "median": 0.0021041841369772458
  },
  "mae": {
    "mean": 0.0012667897419305519,
    "std": 0.00014002712502495375,
    "min": 0.0009348467574454844,
    "max": 0.0014432488242164254,
    "median": 0.0012989732786081731
  },
  "max_abs_error": {
    "mean": 0.011558333039283752,
    "std": 0.0019549448153011457,
    "min": 0.00847715139389038,
    "max": 0.01530921459197998,
    "median": 0.011226639151573181
  },
  "rel_error": {
    "mean": 0.12569203283637762,
    "std": 0.054535314841172175,
    "min": 0.057942118495702744,
    "max": 0.24465669691562653,
    "median": 0.10776609927415848
  },
  "cosine_similarity_mean": {
    "mean": 0.999990264326334,
    "std": 2.2646964746824534e-06,
    "min": 0.9999869376420975,
    "max": 0.9999947935342789,
    "median": 0.9999901235103608
  },
  "agreement_1e-2": {
    "mean": 0.9964473684210529,
    "std": 0.0035084977963087995,
    "min": 0.9868421052631579,
    "max": 1.0,
    "median": 0.9973684210526316
  },
  "agreement_1e-3": {
    "mean": 0.6133552631578947,
    "std": 0.03355979025799573,
    "min": 0.5605263157894737,
    "max": 0.6815789473684211,
    "median": 0.6131578947368421
  },
  "agreement_1e-4": {
    "mean": 0.18236842105263157,
    "std": 0.008418996459498099,
    "min": 0.16710526315789473,
    "max": 0.2026315789473684,
    "median": 0.18157894736842106
  },
  "agreement_1e-5": {
    "mean": 0.11394736842105262,
    "std": 0.002611767531747265,
    "min": 0.11052631578947368,
    "max": 0.11973684210526316,
    "median": 0.11315789473684211
  },
  "num_samples": 20,
  "config": {
    "dataset_root": "/home/chao.wu/pi_oellm/ROBOTREA/M7_pickplace_example_merged_LeRobotDataSetv2.1",
    "jax_server": "tcp://localhost:8003",
    "torch_server": "tcp://localhost:8004",
    "frame_count": 20,
    "action_horizon": 20,
    "action_dim": 38
  }
}