{
  "mse": {
    "mean": 3.862818894049269e-05,
    "std": 3.9430959229332826e-05,
    "min": 2.7276539640297415e-06,
    "max": 0.00012617747415788472,
    "median": 2.1028470200690208e-05
  },
  "rmse": {
    "mean": 0.005247010347717761,
    "std": 0.00333122670369872,
    "min": 0.001651561068816331,
    "max": 0.011232874705874927,
    "median": 0.004281446368127996
  },
  "mae": {
    "mean": 0.002315504290163517,
    "std": 0.0011443716263928253,
    "min": 0.0010778493015095592,
    "max": 0.004313238896429539,
    "median": 0.0018653852748684585
  },
  "max_abs_error": {
    "mean": 0.03618491962552071,
    "std": 0.027031522045624073,
    "min": 0.006717465817928314,
    "max": 0.08206954598426819,
    "median": 0.0336126834154129
  },
  "rel_error": {
    "mean": 188.91229438781738,
    "std": 125.99323550057561,
    "min": 12.465362548828125,
    "max": 380.8757019042969,
    "median": 206.47161865234375
  },
  "cosine_similarity_mean": {
    "mean": 0.9999140048027039,
    "std": 8.774005773013637e-05,
    "min": 0.9997192591428756,
    "max": 0.9999939173460006,
    "median": 0.9999530896544457
  },
  "agreement_1e-2": {
    "mean": 0.9555263157894738,
    "std": 0.04587484479583067,
    "min": 0.8842105263157894,
    "max": 1.0,
    "median": 0.9723684210526315
  },
  "agreement_1e-3": {
    "mean": 0.565328947368421,
    "std": 0.04841725349798447,
    "min": 0.4921052631578947,
    "max": 0.6394736842105263,
    "median": 0.5756578947368421
  },
  "agreement_1e-4": {
    "mean": 0.18657894736842104,
    "std": 0.02075696992708754,
    "min": 0.14342105263157895,
    "max": 0.22763157894736843,
    "median": 0.18684210526315792
  },
  "agreement_1e-5": {
    "mean": 0.11427631578947368,
    "std": 0.004061401140539645,
    "min": 0.10789473684210527,
    "max": 0.12236842105263158,
    "median": 0.11447368421052631
  },
  "num_samples": 20,
  "config": {
    "dataset_root": "/home/chao.wu/pi_oellm/ROBOTREA/M7_pickplace_example_merged_LeRobotDataSetv2.1",
    "jax_server": "tcp://localhost:45456",
    "torch_server": "tcp://localhost:45455",
    "frame_count": 20,
    "action_horizon": 20,
    "action_dim": 38
  }
}