{
  "mse": {
    "mean": 4.314542627525952e-06,
    "std": 1.0031560517698872e-06,
    "min": 2.3786635665601352e-06,
    "max": 5.727746611228213e-06,
    "median": 4.293538040656131e-06
  },
  "rmse": {
    "mean": 0.002061731202886443,
    "std": 0.00025260062266425914,
    "min": 0.00154229166066608,
    "max": 0.002393271111100498,
    "median": 0.0020720725409760447
  },
  "mae": {
    "mean": 0.0012619620945770293,
    "std": 0.0001397215819970776,
    "min": 0.0009349368046969175,
    "max": 0.0014220913872122765,
    "median": 0.0013213162310421467
  },
  "max_abs_error": {
    "mean": 0.011459429562091828,
    "std": 0.0019798284559885524,
    "min": 0.008578002452850342,
    "max": 0.015186786651611328,
    "median": 0.011018350720405579
  },
  "rel_error": {
    "mean": 0.8873969731852412,
    "std": 3.152046801816438,
    "min": 0.05732032284140587,
    "max": 14.609152793884277,
    "median": 0.12429410591721535
  },
  "cosine_similarity_mean": {
    "mean": 0.9999903570115567,
    "std": 2.251730295060806e-06,
    "min": 0.9999870896339417,
    "max": 0.9999946743249893,
    "median": 0.999990439414978
  },
  "agreement_1e-2": {
    "mean": 0.9963157894736844,
    "std": 0.003712298942017347,
    "min": 0.9868421052631579,
    "max": 1.0,
    "median": 0.9980263157894738
  },
  "agreement_1e-3": {
    "mean": 0.6111842105263158,
    "std": 0.035707384572653746,
    "min": 0.5486842105263158,
    "max": 0.6934210526315789,
    "median": 0.6072368421052632
  },
  "agreement_1e-4": {
    "mean": 0.17888157894736842,
    "std": 0.012726310075746398,
    "min": 0.15921052631578947,
    "max": 0.2026315789473684,
    "median": 0.17828947368421053
  },
  "agreement_1e-5": {
    "mean": 0.11197368421052631,
    "std": 0.002275212692867183,
    "min": 0.10657894736842105,
    "max": 0.11710526315789474,
    "median": 0.1118421052631579
  },
  "num_samples": 20,
  "config": {
    "dataset_root": "/home/chao.wu/pi_oellm/ROBOTREA/M7_pickplace_example_merged_LeRobotDataSetv2.1",
    "jax_server": "tcp://localhost:45454",
    "torch_server": "tcp://localhost:45455",
    "frame_count": 20,
    "action_horizon": 20,
    "action_dim": 38
  }
}